{"stats":{"minecraft:custom":{"minecraft:jump":71,"minecraft:time_since_rest":3950,"minecraft:leave_game":1,"lootr:looted_stat":1,"minecraft:crouch_one_cm":13,"minecraft:sprint_one_cm":6038,"minecraft:play_time":3950,"minecraft:walk_on_water_one_cm":2496,"minecraft:time_since_death":3950,"minecraft:walk_one_cm":10454,"minecraft:sneak_time":44,"minecraft:climb_one_cm":2406,"minecraft:total_world_time":3950,"minecraft:walk_under_water_one_cm":1978,"minecraft:fall_one_cm":1103,"minecraft:fly_one_cm":5445},"minecraft:mined":{"minecraft:jungle_leaves":1,"minecraft:vine":1},"minecraft:used":{"minecraft:wooden_pickaxe":2}},"DataVersion":2975}