{"stats":{"minecraft:killed":{"minecraft:sheep":3,"minecraft:cow":8},"minecraft:picked_up":{"minecraft:birch_log":2,"minecraft:crafting_table":1,"minecraft:leather":10,"minecraft:brown_wool":2,"minecraft:torch":2,"minecraft:acacia_log":5,"minecraft:wooden_pickaxe":1,"minecraft:gravel":11,"minecraft:flint":1,"minecraft:oak_log":6,"minecraft:wheat_seeds":3,"minecraft:beef":18,"minecraft:oak_sapling":1,"minecraft:mutton":5,"minecraft:white_wool":2,"minecraft:cobblestone":133},"minecraft:broken":{"minecraft:stone_pickaxe":1},"minecraft:mined":{"minecraft:birch_log":2,"minecraft:crafting_table":1,"minecraft:short_grass":35,"minecraft:acacia_log":5,"minecraft:oak_log":6,"minecraft:brown_wool":1,"minecraft:gravel":12,"minecraft:stone":133,"minecraft:wall_torch":2,"minecraft:oak_leaves":1},"minecraft:dropped":{"minecraft:wheat_seeds":1,"minecraft:oak_sapling":1,"minecraft:wooden_pickaxe":1},"minecraft:crafted":{"minecraft:cooked_beef":18,"minecraft:oak_planks":24,"minecraft:charcoal":5,"minecraft:crafting_table":1,"minecraft:stick":8,"minecraft:wooden_pickaxe":1,"minecraft:stone_pickaxe":1,"minecraft:furnace":1,"minecraft:torch":4,"minecraft:stone_axe":1,"minecraft:air":0},"minecraft:custom":{"minecraft:time_since_rest":16590,"minecraft:interact_with_furnace":9,"minecraft:sprint_one_cm":31863,"minecraft:damage_taken":20,"minecraft:walk_one_cm":45539,"minecraft:mob_kills":11,"minecraft:drop":3,"minecraft:damage_dealt":1040,"minecraft:interact_with_crafting_table":6,"minecraft:swim_one_cm":2040,"minecraft:fly_one_cm":32185,"minecraft:play_time":16590,"minecraft:walk_under_water_one_cm":1175,"minecraft:jump":250,"minecraft:walk_on_water_one_cm":115,"minecraft:time_since_death":16590,"minecraft:total_world_time":16590,"minecraft:fall_one_cm":2969},"minecraft:used":{"minecraft:stone_pickaxe":132,"minecraft:brown_wool":1,"minecraft:wooden_pickaxe":3,"minecraft:gravel":3,"minecraft:stone_axe":19,"minecraft:torch":4,"minecraft:cobblestone":8,"minecraft:crafting_table":2,"minecraft:furnace":1,"minecraft:cooked_beef":2}},"DataVersion":3953}