{"stats":{"minecraft:killed_by":{"minecraft:drowned":1},"minecraft:custom":{"minecraft:jump":57,"minecraft:time_since_rest":3738,"minecraft:leave_game":1,"minecraft:damage_dealt":10,"minecraft:deaths":1,"minecraft:damage_taken":225,"minecraft:sprint_one_cm":13473,"minecraft:play_time":22081,"minecraft:walk_on_water_one_cm":1966,"minecraft:time_since_death":205,"minecraft:walk_one_cm":2698,"minecraft:sneak_time":7,"minecraft:total_world_time":22081,"minecraft:walk_under_water_one_cm":1528,"minecraft:swim_one_cm":5820,"minecraft:fall_one_cm":2154,"minecraft:fly_one_cm":14614},"minecraft:mined":{"minecraft:oak_leaves":3},"minecraft:picked_up":{"minecraft:oak_sapling":1}},"DataVersion":3953}