{"stats":{"minecraft:used":{"minecraft:wooden_pickaxe":4,"minecraft:potion":1},"minecraft:custom":{"minecraft:jump":104,"minecraft:time_since_rest":9097,"minecraft:damage_taken":230,"lootr:looted_stat":8,"minecraft:crouch_one_cm":1590,"minecraft:sprint_one_cm":15613,"minecraft:play_time":9097,"minecraft:time_since_death":9097,"minecraft:walk_one_cm":23517,"minecraft:sneak_time":609,"minecraft:climb_one_cm":6473,"minecraft:total_world_time":9097,"minecraft:fall_one_cm":2717,"minecraft:fly_one_cm":16068},"minecraft:picked_up":{"embellishcraft:gneiss_large_bricks_wall":1,"minecraft:iron_trapdoor":1,"minecraft:stone_bricks":1},"minecraft:mined":{"embellishcraft:gneiss_large_bricks_wall":1,"minecraft:black_stained_glass_pane":2,"minecraft:stone_bricks":1,"minecraft:iron_trapdoor":1,"minecraft:spawner":1}},"DataVersion":2975}