{"stats":{"minecraft:picked_up":{"minecraft:oak_log":6,"minecraft:oak_sapling":1,"minecraft:birch_log":2},"minecraft:mined":{"minecraft:birch_log":2,"minecraft:oak_log":6,"minecraft:oak_leaves":1},"minecraft:dropped":{"minecraft:oak_sapling":1},"minecraft:custom":{"minecraft:jump":34,"minecraft:time_since_rest":4590,"minecraft:sprint_one_cm":6581,"minecraft:play_time":4590,"minecraft:damage_taken":10,"minecraft:time_since_death":4590,"minecraft:walk_one_cm":4435,"minecraft:total_world_time":4590,"minecraft:drop":1,"minecraft:fall_one_cm":962,"minecraft:fly_one_cm":4380}},"DataVersion":3953}